""	"ID"	"Description"	"setSize"	"enrichmentScore"	"NES"	"pvalue"	"p.adjust"	"qvalue"	"rank"	"leading_edge"	"core_enrichment"	"group"
"GO:0048514"	"GO:0048514"	"blood vessel morphogenesis"	466	0.465998826873927	1.35362255967633	1.41482152829637e-08	5.79510897990192e-05	5.13803607644471e-05	2526	"tags=38%, list=25%, signal=30%"	"Lox/Cdh13/Ndnf/Apln/Adamts9/Adrb2/Ddah1/Junb/Sox4/Adm/Nrarp/Serpinf1/Ecscr/Ccbe1/Sphk1/Cyp1b1/Itgax/Alox5/Tnfrsf12a/Spi1/Hc/Hspb1/Sparc/Angptl4/Ptgs2/Cspg4/Adamts1/Angpt1/Edn1/Smoc2/Hey1/Mmp2/Sema5a/Pdgfra/Id1/Xdh/Hhip/Dll1/Mmrn2/Cd34/Cfh/Hbegf/Itga7/Epha2/Pdgfa/Tgfb1/Fgfbp1/Vstm4/Actg1/Efemp2/Ackr3/Fgf10/Col8a1/Cxcl17/Ntrk2/C6/Thbs1/Sox18/Emc10/Lgals3/Tal1/Rras/Naglu/Gata2/Dcn/Hes1/Myh9/Arhgap24/Rgcc/Prkd1/Col3a1/Cx3cl1/Tnfsf12/Tcf21/Mmp19/Tgfbr3/Pdgfb/Foxf1/Sirt1/Smad6/Notch4/Plk2/Smad7/Stab1/Mcam/Zfp950/Rasip1/Cldn5/Hoxa5/Adgra2/Dll4/Serpine1/Vegfc/Vav3/Ednra/Efna1/Sfrp2/Pecam1/Hspg2/Emilin1/Prcp/Klf5/Cd40/Itgb2/Mapk7/Zc3h12a/Bak1/Robo1/Tnfaip2/Nr4a1/Spry2/Fbln5/Slc31a1/Pak4/Tie1/Gpr4/Arid2/Sema3e/Lemd3/Tspan12/Sash1/Fmnl3/Thy1/Loxl2/Smo/C3/Shh/Cdh5/Plxnd1/Rin2/Itgb3/Sh2b3/Map2k5/Adam8/Grn/Aqp1/Ccdc134/Hs6st1/Slit2/Dysf/Anpep/Rhoa/Notch2/Fgfr2/Tead2/Chd7/Slc12a2/Ephb4/Gpx1/Gjc1/Fgf1/Ace/Itga5/Cxcr4/Ptprm/Egfl7/Tmem100/Pde3b/Ninj1/Ppp1r16b/Anxa2/Jmjd8/Anxa1/Bmpr2/Sos1/Tiparp/Vegfa/Jup/Acvrl1/Plau/Ccm2/Pkm/Tnn/Bax/Aplnr/Krit1"	"Night"
"GO:0030198"	"GO:0030198"	"extracellular matrix organization"	198	0.511912222448437	1.45470343800649	1.48593495557728e-07	0.000152159739451114	0.000134907252545832	1663	"tags=32%, list=16%, signal=28%"	"Lox/Col15a1/Ndnf/Adamts9/Ccdc80/Serpinh1/Eln/Fscn1/Cyp1b1/Fbln1/Col1a2/Tnxb/Col14a1/Lamb3/Adamts15/Adamts1/Matn4/Tgfbi/Smoc2/Mmp2/Sema5a/Itga8/Spock2/Pdgfra/Col1a1/Mfap4/Adamtsl4/Adamts2/Tgfb1/Vwa1/Efemp2/Col7a1/Col8a1/Lgals3/Crispld2/Rgcc/Crtap/Col3a1/Col4a4/Mmp19/Postn/Foxf1/Wnt3a/P4ha1/Olfml2b/Dpt/Sh3pxd2b/Sfrp2/Loxl3/Hspg2/Aplp1/Emilin1/Fbln5/Tie1/Qsox1/Plod3/Thsd4/Lemd3/Loxl2/Kif9/Colq/Antxr1/Itgb3/Ctss"	"Night"
"GO:0043062"	"GO:0043062"	"extracellular structure organization"	198	0.511912222448437	1.45470343800649	1.48593495557728e-07	0.000152159739451114	0.000134907252545832	1663	"tags=32%, list=16%, signal=28%"	"Lox/Col15a1/Ndnf/Adamts9/Ccdc80/Serpinh1/Eln/Fscn1/Cyp1b1/Fbln1/Col1a2/Tnxb/Col14a1/Lamb3/Adamts15/Adamts1/Matn4/Tgfbi/Smoc2/Mmp2/Sema5a/Itga8/Spock2/Pdgfra/Col1a1/Mfap4/Adamtsl4/Adamts2/Tgfb1/Vwa1/Efemp2/Col7a1/Col8a1/Lgals3/Crispld2/Rgcc/Crtap/Col3a1/Col4a4/Mmp19/Postn/Foxf1/Wnt3a/P4ha1/Olfml2b/Dpt/Sh3pxd2b/Sfrp2/Loxl3/Hspg2/Aplp1/Emilin1/Fbln5/Tie1/Qsox1/Plod3/Thsd4/Lemd3/Loxl2/Kif9/Colq/Antxr1/Itgb3/Ctss"	"Night"
"GO:0045229"	"GO:0045229"	"external encapsulating structure organization"	198	0.511912222448437	1.45470343800649	1.48593495557728e-07	0.000152159739451114	0.000134907252545832	1663	"tags=32%, list=16%, signal=28%"	"Lox/Col15a1/Ndnf/Adamts9/Ccdc80/Serpinh1/Eln/Fscn1/Cyp1b1/Fbln1/Col1a2/Tnxb/Col14a1/Lamb3/Adamts15/Adamts1/Matn4/Tgfbi/Smoc2/Mmp2/Sema5a/Itga8/Spock2/Pdgfra/Col1a1/Mfap4/Adamtsl4/Adamts2/Tgfb1/Vwa1/Efemp2/Col7a1/Col8a1/Lgals3/Crispld2/Rgcc/Crtap/Col3a1/Col4a4/Mmp19/Postn/Foxf1/Wnt3a/P4ha1/Olfml2b/Dpt/Sh3pxd2b/Sfrp2/Loxl3/Hspg2/Aplp1/Emilin1/Fbln5/Tie1/Qsox1/Plod3/Thsd4/Lemd3/Loxl2/Kif9/Colq/Antxr1/Itgb3/Ctss"	"Night"
"GO:0001525"	"GO:0001525"	"angiogenesis"	396	0.458278809994148	1.32688285866536	6.08772847612012e-07	0.00049870671676376	0.000442161331423461	2576	"tags=37%, list=26%, signal=29%"	"Cdh13/Ndnf/Apln/Adamts9/Adrb2/Ddah1/Adm/Nrarp/Serpinf1/Ecscr/Ccbe1/Sphk1/Cyp1b1/Itgax/Alox5/Tnfrsf12a/Hc/Hspb1/Sparc/Angptl4/Ptgs2/Cspg4/Adamts1/Angpt1/Edn1/Smoc2/Mmp2/Sema5a/Pdgfra/Id1/Hhip/Dll1/Mmrn2/Cd34/Cfh/Hbegf/Epha2/Pdgfa/Tgfb1/Fgfbp1/Vstm4/Actg1/Ackr3/Col8a1/Cxcl17/C6/Thbs1/Sox18/Emc10/Lgals3/Tal1/Rras/Gata2/Dcn/Myh9/Arhgap24/Rgcc/Prkd1/Cx3cl1/Tnfsf12/Tcf21/Mmp19/Sirt1/Notch4/Plk2/Stab1/Mcam/Rasip1/Cldn5/Hoxa5/Adgra2/Dll4/Serpine1/Vegfc/Vav3/Ednra/Efna1/Sfrp2/Pecam1/Hspg2/Emilin1/Prcp/Klf5/Cd40/Itgb2/Mapk7/Zc3h12a/Robo1/Tnfaip2/Nr4a1/Spry2/Fbln5/Slc31a1/Pak4/Tie1/Gpr4/Sema3e/Lemd3/Tspan12/Sash1/Fmnl3/Thy1/Loxl2/C3/Shh/Cdh5/Plxnd1/Itgb3/Sh2b3/Map2k5/Adam8/Grn/Aqp1/Ccdc134/Hs6st1/Slit2/Dysf/Anpep/Rhoa/Notch2/Fgfr2/Slc12a2/Ephb4/Gpx1/Fgf1/Ace/Itga5/Cxcr4/Ptprm/Egfl7/Tmem100/Pde3b/Ninj1/Ppp1r16b/Anxa2/Jmjd8/Anxa1/Vegfa/Jup/Acvrl1/Plau/Ccm2/Pkm/Tnn/Aplnr/Krit1/Jam3/Pik3cd"	"Night"
"GO:0009617"	"GO:0009617"	"response to bacterium"	366	0.462257946045009	1.33631534532715	9.155353587064e-07	0.000625005471543569	0.000554139822374927	2173	"tags=32%, list=22%, signal=26%"	"Hba-a2/Hba-a1/Cyp2e1/Cfd/Car3/Igtp/Jchain/Adamts9/Ccdc80/Gbp6/Adm/Lrat/Ear1/Spon2/Iigp1/Tgtp1/Cd68/Pycard/Fabp4/Nfkbia/Gbp4/Spi1/Ankrd1/Ptgs2/Irgm2/Nlrc5/Acp5/Scarb1/Gbp7/Vim/Lpl/Upk1b/Mmrn2/Cfh/Cxcl15/Epha2/Myo1f/Fgr/Cd274/Plcg2/Hck/Gsdmd/Ogt/Abca1/Gbp5/Naglu/Pde2a/Prkce/Prkd1/Tlr2/Gbp2/Cx3cl1/Pde4b/Muc5b/Smad6/Alpk1/Bnip3/Slpi/Ear2/Stab1/Axl/Mapkbp1/Fkbp5/Snx3/Serpine1/Ednra/Sirpa/Zfp36/Cd24a/Mif/Lgals4/Ces1g/Emilin1/Arid5a/Trib1/Nr1d1/Zc3h12a/Nr4a1/Scd1/Lyz1/Irgm1/Ifit1/Tfeb/Gpx2/Sash1/C3/Stox2/Plscr3/Pygl/Mapk3/Grn/Aqp1/Nfkbib/Cyba/Ppard/Prdx2/Rhoa/Notch2/Rara/Rarres2/Chd7/Slc12a2/Ncf2/Drosha/Cd55/Gpx1/Hmgb2/Slc17a5/Chuk/Ace/Romo1/Pabpn1/Scnn1b/Gbp9/Lsm5/Trim12a"	"Night"
"GO:0031589"	"GO:0031589"	"cell-substrate adhesion"	276	0.466462052380857	1.33914345418481	5.84134573782993e-06	0.00299076901776892	0.00265166352572543	2743	"tags=40%, list=27%, signal=30%"	"Spp1/Lgals1/Cdh13/Ndnf/Adamts9/Ccdc80/Muc4/Spry4/Cass4/Ccl21a/Bcl6/Fbln2/Fam107a/Itgax/Fbln1/Tnfrsf12a/Tnxb/Lamb3/Sorbs1/Angpt1/Smoc2/Itga8/Spock2/Lamc2/Col1a1/Lamc3/Cd34/Itga7/Ppm1f/Lama5/Actg1/Efemp2/Bcam/Itga2/Col8a1/Thbs1/Coro1a/Dusp3/Sned1/Cfl1/Nid2/Dbn1/Ptprz1/Rras/Prkce/Myh9/Col3a1/Srcin1/Postn/Pdgfb/Foxf1/Actn2/Smad6/S100a10/Axl/Camsap3/Calr/Serpine1/Rac2/Msln/Sirpa/Efna1/Pecam1/Emilin1/Itgb2/Macf1/Triobp/Sema3e/Bcl2l11/Thy1/Atp1b2/Cdk6/Rin2/Dmd/Antxr1/Itgb3/Arpc2/Adam8/Itga3/Rsu1/Hsd17b12/Ppard/Marcks/Rhoa/Itga5/Ptprk/Ninj1/Dlc1/Abi3bp/Tsc1/Pip5k1a/Vamp3/Dmtn/Vegfa/Jup/Acvrl1/Plau/Dusp22/Tnn/Itgam/Jam3/Smad3/Col13a1/Cd36/Edil3/Mkln1/Actn4/Myadm/Dapk3/Vcam1/Limch1"	"Night"
"GO:0045765"	"GO:0045765"	"regulation of angiogenesis"	204	0.48250115157507	1.37277065682507	2.22004772863684e-05	0.00568332218531031	0.00503892412091914	2611	"tags=41%, list=26%, signal=31%"	"Adamts9/Adrb2/Ddah1/Adm/Serpinf1/Ecscr/Ccbe1/Sphk1/Cyp1b1/Itgax/Alox5/Tnfrsf12a/Hc/Hspb1/Sparc/Adamts1/Smoc2/Sema5a/Id1/Hhip/Dll1/Cd34/Epha2/C6/Thbs1/Emc10/Lgals3/Rras/Gata2/Dcn/Rgcc/Prkd1/Sirt1/Notch4/Plk2/Stab1/Cldn5/Hoxa5/Adgra2/Serpine1/Vegfc/Efna1/Sfrp2/Emilin1/Cd40/Itgb2/Mapk7/Zc3h12a/Spry2/Fbln5/Pak4/Tie1/Gpr4/Sema3e/Tspan12/Sash1/C3/Shh/Cdh5/Plxnd1/Itgb3/Sh2b3/Grn/Aqp1/Slc12a2/Fgf1/Itga5/Cxcr4/Ptprm/Pde3b/Ninj1/Ppp1r16b/Jmjd8/Vegfa/Jup/Acvrl1/Ccm2/Pkm/Tnn/Aplnr/Krit1/Pik3cd/Flcn"	"Night"
"GO:1901342"	"GO:1901342"	"regulation of vasculature development"	206	0.47920981515156	1.36370607528217	2.94664294084674e-05	0.00709967616806367	0.00629468615846517	2611	"tags=40%, list=26%, signal=30%"	"Adamts9/Adrb2/Ddah1/Adm/Serpinf1/Ecscr/Ccbe1/Sphk1/Cyp1b1/Itgax/Alox5/Tnfrsf12a/Hc/Hspb1/Sparc/Adamts1/Smoc2/Sema5a/Id1/Hhip/Dll1/Cd34/Epha2/C6/Thbs1/Emc10/Lgals3/Rras/Gata2/Dcn/Rgcc/Prkd1/Sirt1/Notch4/Plk2/Stab1/Cldn5/Hoxa5/Adgra2/Serpine1/Vegfc/Efna1/Sfrp2/Emilin1/Cd40/Itgb2/Mapk7/Zc3h12a/Spry2/Fbln5/Pak4/Tie1/Gpr4/Sema3e/Tspan12/Sash1/C3/Shh/Cdh5/Plxnd1/Itgb3/Sh2b3/Grn/Aqp1/Slc12a2/Fgf1/Itga5/Cxcr4/Ptprm/Pde3b/Ninj1/Ppp1r16b/Jmjd8/Vegfa/Jup/Acvrl1/Ccm2/Pkm/Tnn/Aplnr/Krit1/Pik3cd/Flcn"	"Night"
"GO:0050673"	"GO:0050673"	"epithelial cell proliferation"	318	0.43974689821673	1.26744536022492	0.000173446213487218	0.019200964606585	0.017023881551377	3056	"tags=42%, list=30%, signal=30%"	"Mki67/Cdkn1a/Cdh13/Errfi1/Apln/Nrarp/Ccnd1/Serpinf1/Igfbp4/Alox5/Igfbp3/Sparc/Bmyc/Dach1/Hey1/Sema5a/Scarb1/Id1/Xdh/Mmrn2/Cd34/Epha2/Lama5/Irs2/Tgfb1/Fgfbp1/Vstm4/Fgf7/Fgf10/Col8a1/Thbs1/Emc10/Muc16/Gata2/Hlx/Hes1/Rgcc/Htra1/Gata3/Prkd1/Ccnd2/Ift74/Tgfbr3/Pdgfb/Sirt1/Wnt3a/Zfp703/Sfn/Cdkn1b/Scn5a/Hoxa5/Dll4/Vegfc/Sgpp2/Ednra/Zfp36/Nupr1/Sfrp2/Nme1/Hspg2/Nr1d1/Hmgn1/Bak1/Robo1/Nr4a1/Igf1/Esrp2/Tie1/Itpr1/Frs2/Loxl2/Cdk6/Igfbp5/Smo/Shh/Rictor/Itgb3/Ager/Map2k5/Wfdc1/Grn/Cyba/Ppard/Dysf/Notch2/Rb1/Fgfr2/Zeb2/Marveld3/Gpx1/Hmgb2/Phip/Cdkn2b/Chuk/Fgf1/Ptprm/Egfl7/Tcf7l2/Ptprk/Esrp1/Sox11/Ppp1r16b/Vdr/Srsf6/Map2k2/Bmpr2/Vegfa/Acvrl1/Plau/Klf9/Bax/Aplnr/Krit1/Smad3/Pik3cd/Cdkn1c/Flcn/Cdc25a/Nfkbiz/Ern1/Suz12/Kdm5b/Zfp36l1/Flt4/Prkca/Erbb2/Foxp2/Tnfaip3/Wnt10b/Sirt6/Hyal1/Lipa"	"Night"
"GO:0034764"	"GO:0034764"	"positive regulation of transmembrane transport"	154	0.479182484144959	1.34970078860827	0.000275695666483964	0.0240265840408153	0.0213023527294441	2512	"tags=40%, list=25%, signal=31%"	"Adrb2/Ryr2/Klf15/Cacna1d/Alox5/Wnk4/Sorbs1/Edn1/Cftr/Cd19/Ank3/Reln/Irs2/Plcg2/Trpc6/Ace2/Cfl1/P2ry6/Atp1b1/Crebl2/Cx3cl1/Actn2/Plcb1/Pkd2/Erbb3/Hap1/Slc38a1/Ednra/Kcnq1/Akap9/Calm3/Bak1/Igf1/C1qtnf2/Slc36a2/Gimap3/Insr/Thy1/Atp1b2/Met/C3/Calm1/Dmd/Ctss/Ager/Akap7/Amigo1/Ikbkb/Ndufa4/Ifngr2/C2cd5/Trpc1/Azin2/Vmp1/Lrrc26/Kcnj2/Cnksr3/Glrx/Rhoq/Acsl1/Bax/Aplnr"	"Night"
"GO:0072593"	"GO:0072593"	"reactive oxygen species metabolic process"	164	0.456898457183229	1.29013190197007	0.00231239620206287	0.066174673067864	0.0586715208892195	2742	"tags=35%, list=27%, signal=26%"	"Hba-a1/Hbb-bt/Hbb-b1/Cyp1a1/Cdkn1a/Ddit4/Cyp1b1/Alox5/Acp5/Edn1/Xdh/Tyrobp/Nox4/Plcg2/Tgfb1/Ogt/Rab27a/Thbs1/Naglu/Pdgfb/Sirt1/Hdac4/Gnai2/Bnip3/Pmaip1/Cryab/Sesn1/Birc3/Sh3pxd2b/Prcp/Itgb2/Zc3h12a/Ier3/Fbln5/Dcxr/Abcb7/Insr/Met/Trp53/Ager/Birc2/Cyba/Prdx2/Rhoa/Rfk/Ncf2/Gpx1/Romo1/Sod3/Aatf/Lrrk2/Plau/Itgam/Ndufa13/Cd36/Ndufs4/Syk/Eif6"	"Night"
"GO:0050900"	"GO:0050900"	"leukocyte migration"	221	0.42213815387472	1.2038619287474	0.0100989901009899	0.133731158012471	0.118568178233714	1913	"tags=29%, list=19%, signal=24%"	"Spp1/Dpep1/Ccl21a/Pycard/Alox5/Spns2/Spi1/Hc/Ccl22/Edn1/Mmp2/Selplg/Cd34/Rin3/Itga7/Cxcl15/Myo1f/Ccl6/Tgfb1/Itga2/Nbl1/Cxcl17/Thbs1/Coro1a/Lgals3/Fcgr3/Gata3/Tlr2/Cx3cl1/Pde4b/Fadd/Pdgfb/Plcb1/Calr/Serpine1/Vegfc/Chst2/Vav3/Rac2/Ednra/Sirpa/Cd24a/Mif/Pecam1/Capn1/Emilin1/Plvap/Itgb2/Ppia/Cnn2/Icam1/Thy1/Cd74/Trp53/Itgb3/Ager/Mospd2/Mapk3/Adam8/Itga3/Plec/Slit2/Dysf/Rhoa/Rarres2"	"Night"
"GO:0050727"	"GO:0050727"	"regulation of inflammatory response"	200	0.42599966897361	1.2108283523482	0.0102989701029897	0.134386112891368	0.119148871678459	2918	"tags=38%, list=29%, signal=27%"	"Lgals1/Igtp/Tnc/Pycard/Sphk1/Fabp4/Nfkbia/Bcl6/Alox5/Nr1d2/Socs3/Ptgs2/Irgm2/Acp5/Lpl/Tff2/Plcg2/Tgfb1/Gsdmd/Cxcl17/Fcgr3/Pde2a/Gata3/Tlr2/Cx3cl1/Foxf1/Ctla2a/Hyal2/Clock/Serpine1/Sirpa/Zfp36/Nupr1/Cd24a/Nr1d1/Ier3/Igf1/Pde5a/Irgm1/Gpr4/Gpx2/Tradd/C3/Cdh5/Rictor/Ctss/Ager/Wfdc1/Alox5ap/Adam8/Grn/Clcf1/Spata2/Ppard/Rb1/Tbc1d23/Drosha/Gpx1/Gprc5b/Dagla/Mgll/Lgals9/Ninj1/Lrrk2/Anxa1/H2-T23/Ash1l/Smad3/Nfkbiz/Rabgef1/Ccr2/Lbp/Dhx9/Prkca/Tnfrsf1a"	"Night"
"GO:0050870"	"GO:0050870"	"positive regulation of T cell activation"	153	0.416313648401656	1.17224050972973	0.0470952904709529	0.308643695630437	0.273648424631221	2810	"tags=35%, list=28%, signal=25%"	"Lgals1/Igfbp2/Zbtb16/Sox4/Ccl21a/Pycard/Bcl6/Cd274/Tgfb1/Il2rg/Card11/Tfrc/Coro1a/Rasal3/Hlx/Hes1/Smarca2/Gata3/Fadd/Smarcd3/Sirpa/Vnn1/Cd24a/H2-DMa/Igf1/Irgm1/Arid2/Gimap3/Thy1/Cd74/Shh/Phf10/Ager/Adam8/Sash3/Rhoa/Rara/Hsph1/Ephb4/Cd55/Gpam/Lgals9/Nck2/Anxa1/Nckap1l/H2-DMb1/H2-T23/Actb/Cd59a/Syk/Vcam1/Nfkbiz/Ccr2"	"Night"
"GO:0002694"	"GO:0002694"	"regulation of leukocyte activation"	378	0.382594722368787	1.10681944825225	0.060993900609939	0.349414009647986	0.309796035486624	3110	"tags=35%, list=31%, signal=25%"	"Cdkn1a/Lgals1/Igfbp2/Zbtb16/Sox4/Nrarp/Ccl21a/Pycard/Sphk1/Bcl6/Crlf2/Spi1/Hspb1/Ildr2/Cftr/Cd19/Tyrobp/Fgr/Irs2/Tff2/Cd274/Nfam1/Tgfb1/Il2rg/Card11/Tfrc/Fgf10/Thbs1/Coro1a/Dusp3/Lgals3/Gata2/Rasal3/Hlx/Hes1/Jund/Smarca2/Gata3/Cx3cl1/Fadd/Prelid1/Muc5b/Foxf1/Wnt3a/Smad7/Zfp36l2/Axl/Ctla2a/Smarcd3/Stxbp1/Vav3/Rac2/Sirpa/Rorc/Znhit1/Vnn1/Cd24a/Mif/Loxl3/Cd40/Itgb2/Nr1d1/Zc3h12a/H2-DMa/Tcf7/D6Wsu163e/Gpnmb/Igf1/Pde5a/Fes/Irgm1/Arid2/Gimap3/Sh3rf1/Thy1/Cd74/Shh/Laptm5/Phf10/Sh2b3/Ager/Adam8/Grn/Clcf1/Sash3/Prdx2/Rhoa/Rara/Drosha/Hsph1/Ephb4/Cd55/Gpam/Lrrc32/Lgals9/Sox11/Nck2/Bloc1s3/Lrrk2/Anxa1/Sos1/Nckap1l/H2-DMb1/H2-T23/Dusp22/Itgam/Csk/Mapk8ip1/Actb/Lamp1/Cd59a/Syk/Vcam1/Nfkbiz/Rabgef1/Ccr2/Lbp/Zfp36l1/Itpkb/Tnfsf13/Erbb2/Slc39a10/Sftpd/Mad2l2/Tnfaip3/Wnt10b/Aplf/Hmgb3/H2-Ab1/Braf/Mfhas1/Nedd9"	"Night"
"GO:0007159"	"GO:0007159"	"leukocyte cell-cell adhesion"	251	0.391817293554081	1.12165015265615	0.0720927907209279	0.370969938182061	0.328907865627085	2559	"tags=31%, list=25%, signal=23%"	"Lgals1/Igfbp2/Zbtb16/Sox4/Nrarp/Ccl21a/Pycard/Bcl6/Alox5/Hspb1/Ildr2/Selplg/Cfh/Cd274/Tgfb1/Il2rg/Card11/Tfrc/Thbs1/Coro1a/Dusp3/Lgals3/Rasal3/Hlx/Hes1/Smarca2/Gata3/Fadd/Smad7/Smarcd3/Chst2/Rac2/Sirpa/Vnn1/Cd24a/Pecam1/Capn1/Loxl3/Itgb2/Zc3h12a/H2-DMa/Gpnmb/Igf1/Pde5a/Irgm1/Nfat5/Arid2/Gimap3/Icam1/Thy1/Cd74/Shh/Laptm5/Phf10/Ager/Adam8/Sash3/Prdx2/Rhoa/Rara/Hsph1/Ephb4/Cd55/Gpam/Lrrc32/Itga5/Zdhhc21/Lgals9/Nck2/Anxa1/Nckap1l/H2-DMb1/H2-T23/Dusp22/Itgam/Msn/Actb"	"Night"
"GO:1903706"	"GO:1903706"	"regulation of hemopoiesis"	289	0.38153815095875	1.09688077317278	0.107189281071893	0.43840544399817	0.388697260946158	3110	"tags=36%, list=31%, signal=25%"	"Lox/Klf10/Zbtb16/Sox4/Nrarp/Nfkbia/Bcl6/Spi1/Hspb1/Bmyc/Nme2/Tyrobp/Dll1/Nfam1/Tgfb1/Il2rg/Fam210b/Card11/C1qc/Tal1/Gata2/Hlx/Evi2/Evi2b/Smarca2/Hcls1/Gata3/Fadd/Prelid1/Smad7/Zfp36l2/Axl/Kat6b/Ctla2a/Smarcd3/Hoxa5/Rorc/Zfp36/Mysm1/Vnn1/Cd24a/Nme1/Loxl3/Rab7b/Trib1/Zc3h12a/H2-DMa/Tcf7/Fes/Irgm1/Arid2/Gimap3/Sh3rf1/Rbp1/Cd74/Cdk6/Shh/Phf10/Cldn18/Itgb3/Sh2b3/Ager/Brpf3/Ctnnbip1/Adam8/Sash3/Prdx2/Rhoa/Notch2/Rb1/Rara/Lmo2/Drosha/Hmgb2/Clec2d/Asxl2/Lgals9/Ninj1/Rarg/Fbn1/Mturn/Anxa1/Sos1/Nckap1l/Itgam/Actb/Syk/Eif6/Nfkbiz/Ubash3b/Gnas/Ccr2/Zfp36l1/P4htm/Prkca/Itpkb/Erbb2/Rassf2/Ldb1/Wnt10b/Hmgb3/Braf/Nedd9"	"Night"
"GO:0046651"	"GO:0046651"	"lymphocyte proliferation"	191	0.391757620223436	1.11237851919785	0.114588541145885	0.448757661241712	0.39787570191301	4177	"tags=49%, list=41%, signal=29%"	"Cdkn1a/Igfbp2/Pycard/Bcl6/Ccnd3/Cd19/Tyrobp/Irs2/Cd274/Tgfb1/Card11/Tfrc/Fgf10/Coro1a/Lgals3/Rasal3/Hes1/Fadd/Wnt3a/Fkbp1a/Cd151/Lmbr1l/Vav3/Rac2/Znhit1/Cd24a/Mif/Cd40/Itgb2/Impdh1/Gpnmb/Igf1/Pde5a/Irgm1/Sh3rf1/Psmb10/Cd74/Shh/Laptm5/Trp53/Ager/Clcf1/Sash3/Prdx2/Cd55/Gpam/Lrrc32/Cxcr4/Lgals9/Sox11/Nck2/Anxa1/Sos1/Nckap1l/H2-DMb1/H2-T23/Bax/Itgam/Msn/Mapk8ip1/Cd59a/Syk/Vcam1/Nfkbiz/Ccr2/Erbb2/Slc39a10/Sftpd/Lipa/H2-D1/Rassf5/H2-Q7/P2rx7/Cfb/Pkn1/Vsir/Itgal/Icosl/Pnp/Efnb1/Tlr4/Ripk2/Rc3h2/Rc3h1/H2-Aa/Dock2/Bmp4/Gja1/Mad1l1/Lyn/Tgfbr2/H2-Q4/Tnfrsf21"	"Night"
"GO:0002274"	"GO:0002274"	"myeloid leukocyte activation"	148	0.399408045769131	1.12327328973932	0.118588141185881	0.456519761557679	0.404757703889287	2824	"tags=35%, list=28%, signal=26%"	"Pycard/Sphk1/Crlf2/Spi1/Wnk4/C1qa/Cftr/Tyrobp/Myo1f/Fgr/Tff2/Plcg2/Tgfb1/Tmem106a/Thbs1/Fcgr3/Naglu/Gata2/Cd48/Prkce/Jund/Tlr2/Cx3cl1/Muc5b/Foxf1/Hyal2/Stxbp1/Rac2/Cplx2/Itgb2/Nr1d1/D6Wsu163e/Fes/Irgm1/Gimap3/Ager/Grn/Dysf/Notch2/Ifngr2/Clu/Scnn1b/Lgals9/Lrrk2/Anxa1/Ifngr1/Itgam/Kmt2e/Syk/Rabgef1/Ccr2/Lbp"	"Night"
"GO:0032944"	"GO:0032944"	"regulation of mononuclear cell proliferation"	151	0.395378783122962	1.11279868712378	0.137686231376862	0.485207836604656	0.430193008913976	2961	"tags=35%, list=29%, signal=25%"	"Cdkn1a/Igfbp2/Pycard/Bcl6/Tyrobp/Irs2/Cd274/Tgfb1/Card11/Tfrc/Fgf10/Coro1a/Lgals3/Rasal3/Hes1/Fadd/Wnt3a/Vav3/Rac2/Znhit1/Cd24a/Mif/Cd40/Gpnmb/Igf1/Pde5a/Irgm1/Sh3rf1/Cd74/Shh/Laptm5/Ager/Clcf1/Sash3/Cd55/Gpam/Lrrc32/Lgals9/Sox11/Nck2/Anxa1/Sos1/Nckap1l/H2-DMb1/H2-T23/Mapk8ip1/Cd59a/Syk/Vcam1/Ccr2/Erbb2/Slc39a10/Sftpd"	"Night"
"GO:0045637"	"GO:0045637"	"regulation of myeloid cell differentiation"	154	0.39342810618931	1.10815867180933	0.146885311468853	0.501327460614934	0.444484924733122	3110	"tags=36%, list=31%, signal=25%"	"Lox/Klf10/Zbtb16/Nfkbia/Spi1/Bmyc/Nme2/Tyrobp/Dll1/Tgfb1/Fam210b/C1qc/Tal1/Gata2/Evi2/Evi2b/Hcls1/Fadd/Hoxa5/Zfp36/Nme1/Rab7b/Trib1/Fes/Rbp1/Cd74/Cdk6/Cldn18/Itgb3/Ctnnbip1/Adam8/Notch2/Rb1/Rara/Lmo2/Hmgb2/Clec2d/Asxl2/Ninj1/Rarg/Fbn1/Mturn/Nckap1l/Itgam/Eif6/Ubash3b/Gnas/Zfp36l1/P4htm/Prkca/Itpkb/Rassf2/Ldb1/Hmgb3/Nedd9"	"Night"
"GO:0032943"	"GO:0032943"	"mononuclear cell proliferation"	196	0.383152839485739	1.08857723695305	0.17028297170283	0.535601389976121	0.474872737309215	4177	"tags=47%, list=41%, signal=28%"	"Cdkn1a/Igfbp2/Pycard/Bcl6/Ccnd3/Cd19/Tyrobp/Irs2/Cd274/Tgfb1/Card11/Tfrc/Fgf10/Coro1a/Lgals3/Rasal3/Hes1/Fadd/Wnt3a/Fkbp1a/Cd151/Lmbr1l/Vav3/Rac2/Znhit1/Cd24a/Mif/Cd40/Itgb2/Impdh1/Gpnmb/Igf1/Pde5a/Irgm1/Sh3rf1/Psmb10/Cd74/Shh/Laptm5/Trp53/Ager/Clcf1/Sash3/Prdx2/Cd55/Gpam/Lrrc32/Cxcr4/Lgals9/Sox11/Nck2/Anxa1/Sos1/Nckap1l/H2-DMb1/H2-T23/Bax/Itgam/Msn/Mapk8ip1/Cd59a/Syk/Vcam1/Nfkbiz/Ccr2/Erbb2/Slc39a10/Sftpd/Lipa/H2-D1/Rassf5/H2-Q7/P2rx7/Cfb/Pkn1/Vsir/Itgal/Icosl/Pnp/Efnb1/Tlr4/Ripk2/Rc3h2/Rc3h1/H2-Aa/Dock2/Bmp4/Gja1/Mad1l1/Lyn/Tgfbr2/H2-Q4/Tnfrsf21"	"Night"
"GO:0070661"	"GO:0070661"	"leukocyte proliferation"	218	0.378530935586156	1.07903187314242	0.188181181881812	0.558139117297539	0.4948550459181	2961	"tags=34%, list=29%, signal=25%"	"Cdkn1a/Igfbp2/Junb/Pycard/Bcl6/Ccnd3/Cd19/Tyrobp/Irs2/Cd274/Tgfb1/Card11/Tfrc/Fgf10/Coro1a/Lgals3/Rasal3/Hes1/Cx3cl1/Fadd/Wnt3a/Fkbp1a/Cd151/Lmbr1l/Vav3/Rac2/Znhit1/Cd24a/Mif/Cd40/Itgb2/Impdh1/Gpnmb/Igf1/Csf2ra/Pde5a/Irgm1/Cnn2/Sh3rf1/Psmb10/Cd74/Shh/Laptm5/Trp53/Ager/Mapk3/Clcf1/Sash3/Prdx2/Cd55/Gpam/Clu/Lrrc32/Cxcr4/Lgals9/Sox11/Nck2/Csf2rb/Anxa1/Sos1/Nckap1l/H2-DMb1/H2-T23/Bax/Itgam/Msn/Mapk8ip1/Cd59a/Syk/Vcam1/Nfkbiz/Ccr2/Erbb2/Slc39a10/Sftpd"	"Night"
"GO:0042113"	"GO:0042113"	"B cell activation"	178	0.331683647680347	0.93934122899609	0.734926507349265	0.967096822876396	0.857443472174025	1880	"tags=19%, list=19%, signal=16%"	"Cdkn1a/Lgals1/Bcl6/Spi1/Cd19/Tyrobp/Dll1/Irs2/Lfng/Plcg2/Nfam1/Tgfb1/Irf2bp2/Il2rg/Card11/Tfrc/Pfdn1/Mfng/Dclre1c/Wnt3a/Zfp36l2/Vav3/Cd24a/Mif/Cd40/Bak1/Cd74/Laptm5/Trp53/Fnip1/Clcf1/Gimap1/Sash3/Notch2"	"Night"
"GO:00096171"	"GO:0009617"	"response to bacterium"	377	0.557878116481768	1.4873368309761	1e-10	3.52281292311878e-08	1.97854911612817e-08	2638	"tags=44%, list=26%, signal=33%"	"S100a9/S100a8/Hba-a1/Hba-a2/Fkbp5/Ms4a1/Gzma/Cd79b/Nfkbia/Slpi/Spon2/Lrat/Cx3cr1/Lyz1/Ltf/Ppbp/Gbp8/Gbp4/Adamts9/Adipoq/Ankrd1/Spi1/Ces1g/Cxcl15/Amy1/Tlr2/Ear2/Cebpb/Cd68/Bpifa1/H2-Q6/Ahr/Hck/Reg3g/Cd84/Cd52/Ifi44/Mef2c/Lrg1/Alpk1/Spn/Cyp2b10/Gbp6/Myo1f/Scd1/F2rl1/H2-Q7/Syk/Smad6/Ppl/Serpine1/Ear1/Ociad2/C2/Irf8/H2-Q10/Cd274/Nfkbiz/Tmem229b/Hp/Trim5/Cfd/Lcn2/Abcd2/Plac8/Fcer1g/Hmgb2/Gpm6a/Pabpn1/Serpinb9/Iigp1/Ncf1/Psmb9/Mrc1/Fau/Muc5b/Plcg2/Ncf2/Klhl6/Trim30d/Abca1/Pde2a/Pde4b/Fam20a/Fgr/Ccdc80/C3/Sirpa/Emilin1/Nlrc5/Scnn1b/Cfb/Evpl/Ppm1d/Gbp9/H2-M3/Pglyrp1/Gbp3/Wnt5a/Cxcl16/Gbp2/Ace/Nos3/H2-Q4/Stat1/H2-T22/Lgals4/Lyn/Pla2g1b/Tgtp1/Vim/Mr1/Mpeg1/Tnfrsf1b/Cmpk2/Colec12/Car3/Akap8/Bnip3/Zfp36/Zc3h12a/Itgav/Tfeb/Fabp4/B2m/H2-K1/Ptgfr/Igtp/Ang/Slc22a5/Fosl2/Rnf31/Slc9a9/Grn/Irf5/Syt11/Cyp2e1/Scarb1/Cd55/Irgm2/Nfib/H2-D1/Trim30a/Ednrb/Adgrl2/Irf3/Cd24a/Tnip1/Pycard/Ogt/Slc17a5/Lyz2/Slfn2/Fuca2/Ptgs2/Trim12c/Cyba/Mmrn2/Rnf5/Irgm1/Gbp7/Ifnar1/Gpc3/Otud5"	"Day"
"GO:00026941"	"GO:0002694"	"regulation of leukocyte activation"	379	0.513014023157157	1.3678132762004	6.20139894391702e-09	4.62004221321818e-07	2.59479587390212e-07	2086	"tags=35%, list=21%, signal=29%"	"Zbtb16/Nppa/Cyp26b1/Cd22/Pagr1a/Sphk1/Card11/Gata2/Hsph1/Sox4/Cd37/Ildr2/Igfbp2/H2-Ob/Btla/Rac2/Bcl6/Cd19/H2-DMb2/Itgb2/Foxj1/Ptpre/Spi1/Hes1/Gimap3/Id2/Gata3/Cd74/Sash3/Fgf10/Cebpb/Fas/Efnb1/H2-Q6/Lgals1/Cdkn1a/Igf1/Hlx/Ahr/Sfrp1/Cd84/Mef2c/Sox11/Spn/Prdm1/Cd300lf/H2-DMa/F2rl1/H2-DMb1/Themis2/H2-Q7/Bst1/Syk/H2-Aa/Ctsc/Zfp36l1/H2-Q10/Cd274/Nfkbiz/Tnfrsf21/H2-Ab1/Ptprc/Cd83/Gpnmb/Laptm5/Coro1a/Tyrobp/Cd38/Zfp36l2/Fcer1g/Nckap1l/Nfam1/Itgal/Fanca/Hspb1/Hsp90aa1/Thbs1/Cd44/Slc7a2/Il16/Itgam/Scgb1a1/Il2rg/Nrarp/Muc5b/Pibf1/Fadd/Ptpn6/Rasal3/Vnn1/Irs2/Fgl2/Fgr/Sirpa/H2-Eb1/Efnb2/Lgals3/Pglyrp1/Wnt5a/Wnt10b/Adora2b/Ccl21a/Rabgef1/Sphk2/Rif1/H2-Q4/H2-T22/Shh/Sox13/Vcam1/Lyn/Hps1/Cd59a/Tnfrsf1b/Tnfsf13b/Tfrc/Bcl2/Dcaf15/Zc3h12a/Mmp14/B2m/H2-K1/Rorc/Wnt3a/Crlf2/Slc7a1/Dlg5/Cd209a/Thy1/Pld2/Grn/Rassf5"	"Day"
"GO:00071591"	"GO:0007159"	"leukocyte cell-cell adhesion"	254	0.542138059999876	1.43264626613786	1.3888622353076e-08	8.43233630864636e-07	4.73592890524469e-07	1601	"tags=33%, list=16%, signal=28%"	"S100a9/S100a8/Zbtb16/Card11/Hsph1/Sox4/Cd37/Ildr2/Igfbp2/Cx3cr1/H2-Ob/Btla/Rac2/Bcl6/Klf4/H2-DMb2/Sell/Itgb2/Foxj1/Hes1/Gimap3/Gata3/Alox5/Cd74/Sash3/Itga4/Cebpb/Efnb1/H2-Q6/Lgals1/Igf1/Hlx/Lrg1/Spn/H2-DMa/H2-DMb1/H2-Q7/Syk/H2-Aa/H2-Q10/Cd274/Nfkbiz/Tnfrsf21/H2-Ab1/Ptprc/Fermt3/Cd83/Selplg/Gpnmb/Laptm5/Coro1a/Nckap1l/Itgal/Hspb1/Hsp90aa1/Stk10/Thbs1/Cd44/Itgam/Ets1/Scgb1a1/Il2rg/Nrarp/Gcnt1/Fadd/Ptpn6/Rasal3/Sema4d/Vnn1/Fgl2/Sirpa/H2-Eb1/Efnb2/Lgals3/Wnt10b/Ccl21a/H2-Q4/H2-T22/Shh/Sox13/Vcam1/Chst2/Cd59a"	"Day"
"GO:00456371"	"GO:0045637"	"regulation of myeloid cell differentiation"	158	0.583197425975155	1.51739829457048	3.41754237680901e-08	1.85168659688924e-06	1.0399794027036e-06	1471	"tags=33%, list=15%, signal=29%"	"Csf3r/Zbtb16/Fos/Nfkbia/Gata2/Adipoq/Tob2/Lox/Spi1/Id2/Cd74/Fgfr3/Cebpb/Fas/Sfrp1/Ptk2b/Mafb/Mef2c/Hcls1/Foxo3/Meis2/Klf10/Ubash3b/Zfp36l1/Lmo2/Evi2/Evi2b/Tyrobp/Nckap1l/Hmgb2/Jag1/Myb/Itgam/Ets1/Itgb3/Fbn1/Ikzf1/Klf13/Ctnnbip1/Fadd/Csf1/Pirb/Casp8/Leo1/Ccl9/C1qc/Cldn18/Hoxa5/Acvr1b/Mturn/Jun/Stat1"	"Day"
"GO:19037061"	"GO:1903706"	"regulation of hemopoiesis"	295	0.519597046009581	1.37866032386271	6.86883736915036e-08	3.41152256001135e-06	1.91604410823668e-06	1554	"tags=29%, list=15%, signal=25%"	"Csf3r/Zbtb16/Fos/Cyp26b1/Nfkbia/Card11/Gata2/Sox4/Bcl6/Adipoq/Tob2/Lox/Foxj1/Spi1/Gimap3/Id2/Gata3/Cd74/Sash3/Fgfr3/Cebpb/Fas/Hlx/Sfrp1/Ptk2b/Mafb/Mef2c/Hcls1/Foxo3/Meis2/Klf10/Prdm1/H2-DMa/Syk/Ubash3b/H2-Aa/Zfp36l1/Nfkbiz/Ptprc/Cd83/Lmo2/Evi2/Evi2b/Tyrobp/Zfp36l2/Nckap1l/Nfam1/Hmgb2/Fanca/Jag1/Myb/Hspb1/Hsp90aa1/Cd44/Itgam/Ets1/Itgb3/Fbn1/Il2rg/Brpf3/Ikzf1/Nrarp/Klf13/Ctnnbip1/Fadd/Ptpn6/Vnn1/Csf1/Fgl2/Pirb/Casp8/Pglyrp1/Leo1/Wnt10b/Ccl9/C1qc/Cldn18/Hoxa5/Acvr1b/Mturn/Jun/Stat1/Shh/Sox13/Lyn"	"Day"
"GO:00509001"	"GO:0050900"	"leukocyte migration"	224	0.53756331335802	1.415350496731	1.75993290980998e-07	8.06861549420577e-06	4.53164911189939e-06	1802	"tags=34%, list=18%, signal=29%"	"S100a9/Csf3r/S100a8/Spp1/Cx3cr1/Rac2/S1pr1/Ppbp/Sell/Itgb2/Foxj1/Spi1/Dpep1/Gata3/Cxcl15/Alox5/Cd74/Tlr2/Itga4/Ptk2b/Mmp2/Ccl6/Spn/Myo1f/F2rl1/Bst1/Plcb1/Itga2/Syk/Serpine1/Lyve1/Edn1/Selplg/Coro1a/Ccl22/Prex1/Fcer1g/Nckap1l/Spns2/Rac3/Itgal/Stk10/Thbs1/Il16/Mmp28/Itgam/Itgb3/Camk1d/Itga2b/Gcnt1/Fadd/Vav1/Trpm4/Pde4b/Csf1/Sirpa/Emilin1/Lgals3/Cxcl17/Mtus1/Wnt5a/Cxcl16/Ccl9/Ccl21a/Rabgef1/Gpsm3/Myo1g/Vcam1/Lyn/Chst2/Pdgfb/Lgmn/Cd34/Itga9/Nbl1/Mmp14"	"Day"
"GO:00507271"	"GO:0050727"	"regulation of inflammatory response"	204	0.545647699326422	1.4322812935607	1.97070093383562e-07	8.38955540404307e-06	4.71190148090021e-06	3025	"tags=50%, list=30%, signal=36%"	"S100a9/S100a8/Nppa/Sema7a/Nfkbia/Sphk1/Nr1d2/Cx3cr1/Tnc/Bcl6/Adipoq/Ier3/Gata3/Alox5/Tlr2/Pik3ap1/Cebpb/H2-Q6/Lgals1/Igf1/Ahr/Reg3g/Spn/H2-Q7/Bst1/Serpine1/Ctsc/H2-Q10/Nfkbiz/Ptges/Fcer1g/Fanca/Ncf1/Ctss/Cd44/Slc7a2/Il16/Ets1/Scgb1a1/Plcg2/Ptpn6/Hgf/Pde2a/Socs3/C3/Sirpa/Cxcl17/Trim65/Pglyrp1/Wnt5a/Camk2n1/Adora2b/Rabgef1/Il10ra/H2-Q4/Abhd12/H2-T22/Gpsm3/Metrnl/Lyn/Alox5ap/Tnfrsf1b/Zfp36/Nt5e/Fabp4/H2-K1/Igtp/Fcgr3/Nlrx1/Lpcat3/Grn/Daglb/Syt11/Gps2/Tgfb1/Irgm2/H2-D1/Ednrb/Irf3/Mvk/Cd24a/Tnip1/Pycard/Spata2/Ptgs2/Ffar4/Slc39a8/Irgm1/Tff2/Adam8/Mgll/Ppard/Tyro3/Cd81/Cyld/Snx4/Bcr/Pde5a/Il17ra/Lrrk2/Brd4/Gstp1"	"Day"
"GO:00329441"	"GO:0032944"	"regulation of mononuclear cell proliferation"	151	0.573956516464543	1.49081486937425	2.98654542523217e-07	9.36832143914933e-06	5.26161465497966e-06	2430	"tags=48%, list=24%, signal=37%"	"Cd22/Card11/Cd37/Igfbp2/Btla/Rac2/Bcl6/H2-DMb2/Foxj1/Hes1/Cd74/Sash3/Fgf10/Cebpb/Efnb1/H2-Q6/Cdkn1a/Igf1/Ahr/Bcl2l1/Mef2c/Sox11/Spn/H2-DMb1/H2-Q7/Bst1/Syk/H2-Aa/H2-Q10/Cd274/Tnfrsf21/Ptprc/Gpnmb/Laptm5/Coro1a/Tyrobp/Cd38/Nckap1l/Itgal/Cd44/Scgb1a1/Fadd/Ptpn6/Rasal3/Irs2/Csf1/Lgals3/H2-Q4/H2-T22/Shh/Vcam1/Lyn/Cd59a/Tnfrsf1b/Tnfsf13b/Tfrc/Bcl2/H2-K1/Wnt3a/Slc7a1/Dlg5/Cd209a/Rassf5/Bmp4/Cd55/Tgfb1/H2-D1/Scrib/Nck2/Tgfbr2/Cd24a/Pycard"	"Day"
"GO:00485141"	"GO:0048514"	"blood vessel morphogenesis"	468	0.488704900891904	1.30944299342408	2.69001424552024e-07	9.36832143914933e-06	5.26161465497966e-06	1990	"tags=30%, list=20%, signal=25%"	"Angptl4/Rgcc/Adrb2/Glul/Ndnf/Sphk1/Sfrp2/Col3a1/Plk2/Junb/Hey1/Gata2/Apln/Sox4/Cx3cr1/Aplnr/Hhex/S1pr1/Adamts9/Klf4/Lox/Xdh/Tgfb2/Klf2/Col8a2/Itgb2/Itgax/Spi1/Hes1/Rhob/Plau/Alox5/Hyal1/Wnt7a/Fgf10/Ahr/Ptk2b/Gata6/Npr3/Hbegf/Prcp/Fzd8/Mmp2/Lrg1/Prdm1/Ackr3/Cdh13/Smo/Syk/Gja1/Smad6/Tnfaip2/Hk2/Cybb/Serpine1/Klf5/Efna1/Loxl2/Sparc/Zfp36l1/Hipk2/Tcf21/Edn1/Fgfbp1/Ramp2/Pdgfra/Smoc2/Tbx1/Tnn/Pik3cd/Elk3/Sema3e/Tiparp/Jag1/Hspb1/Thbs1/Sulf1/Agtr1a/Ets1/Itgb3/Nrarp/Zfp950/Rapgef3/Slc31a1/Itga2b/Amot/Hgf/F3/Sox18/Angpt1/Casp8/C3/Sirt1/Fbln5/Notch1/Emilin1/Efnb2/Notch4/Lgals3/Tgfbr3/Cxcl17/Gjc1/Wnt5a/Ppp1r16b/Nfatc4/Lrp2/Ace/Hoxa5/Nos3/Card10/Jun/Stat1/Jmjd6/Shh/Hspg2/Robo1/Cd59a/Stk4/Six1/Id1/Pdgfb/Plcd1/Vangl2/Angpt2/Cd34/Zc3h12a/Tmem100/Sema4a/Itgav/Actg1/Ddah1/Fzd4/Foxo4/Tbx4/Fkbp10/Ang/Reck/Wnt11/Ptprm/Flcn"	"Day"
"GO:00506731"	"GO:0050673"	"epithelial cell proliferation"	320	0.510923618731775	1.3578491250183	4.81060622182152e-07	1.19463387841901e-05	6.70952973043527e-06	2803	"tags=43%, list=28%, signal=32%"	"Errfi1/Rgcc/Mki67/Glul/Klf9/Sfrp2/Hey1/Gata2/Apln/Aplnr/Xdh/Tgfb2/Col8a2/Muc16/Hes1/Id2/Gata3/Plau/Aldh1a2/Alox5/Hyal1/Fgfr3/Itga4/Wnt7a/Fgf10/Lims2/Cebpb/Cdkn1c/Cdkn1a/Igf1/Hlx/Reg3g/Sfrp1/Bcl2l1/Six4/Mef2c/Sox11/Lrg1/Scn5a/Serpinb1a/Cdh13/Smo/Gja1/Loxl2/Sparc/Zfp36l1/Nfkbiz/Fgfbp1/Tbx1/Pik3cd/Htra1/Rap1gap/Hmgb2/Jag1/Ncf1/Thbs1/Sulf1/Esrp2/Tgfb3/Agtr1a/Itgb3/Nrarp/Cdkn2b/Ift74/Dab2/Hgf/F3/Irs2/Ift88/Sirt1/Fgf7/Notch1/Efnb2/Tgfbr3/Hnf1b/Wnt5a/Wnt10b/Ppp1r16b/Adora2b/Igfbp5/Hoxa5/Jun/Stat1/Shh/Hspg2/Robo1/Stk4/Six1/Id1/Gas1/Pdgfb/Zfp703/Marveld3/Igfbp4/Cdk6/Cd34/Zfp36/Ccnd2/Ern1/B2m/Ang/Atoh8/Ptprm/Flcn/Wnt3a/Alms1/Lama5/Ift172/Grn/Wnt2/Med1/Scarb1/Bmp4/Krit1/Tgfb1/Nfib/Ccnd1/Ednrb/Sulf2/Fgfr1/Kif3a/Prkd2/Eng/Azin1/Tbx2/Serpinf1/Cyba/Mmrn2/Gpc3/Cdc25a/Hsf1/Ppard/Prkdc/Mtss1/Sema5a/Cdc42/Vegfc"	"Day"
"GO:00329431"	"GO:0032943"	"mononuclear cell proliferation"	196	0.542145537957473	1.42140140454373	7.02428783966729e-07	1.61018290478527e-05	9.0434151134178e-06	2609	"tags=44%, list=26%, signal=34%"	"Cd22/Cd79a/Card11/Cd37/Igfbp2/Btla/Rac2/Bcl6/Cd19/H2-DMb2/Itgb2/Foxj1/Hes1/Cd74/Sash3/Fgf10/Cebpb/Efnb1/H2-Q6/Cdkn1a/Igf1/Dock2/Ahr/Bcl2l1/Mef2c/Sox11/Spn/H2-DMb1/H2-Q7/Bst1/Syk/Gja1/H2-Aa/H2-Q10/Cd274/Nfkbiz/Tnfrsf21/Ptprc/Gpnmb/Laptm5/Coro1a/Tyrobp/Cd38/Nckap1l/Itgal/Cd44/Itgam/Scgb1a1/Fadd/Ptpn6/Rasal3/Irs2/Csf1/Lgals3/Cfb/H2-Q4/H2-T22/Shh/Vcam1/Lyn/Cd59a/Tnfrsf1b/Tnfsf13b/Tfrc/Bcl2/H2-K1/Wnt3a/Slc7a1/Dlg5/Cd209a/Fosl2/Satb1/Rassf5/Bmp4/Cd55/Tgfb1/H2-D1/Scrib/Nck2/Tgfbr2/Cd24a/Pycard/Lmbr1l/Slfn2/Irgm1/Ccdc88b/Cd1d1"	"Day"
"GO:00301981"	"GO:0030198"	"extracellular matrix organization"	197	0.535319913550546	1.40367605653994	9.66872335188647e-07	1.92085303924144e-05	1.07882597399996e-05	2755	"tags=45%, list=27%, signal=33%"	"Rgcc/Ndnf/Sfrp2/Col3a1/Fscn1/Egfl6/Adamts9/Lox/Tgfb2/Loxl1/Col15a1/Col8a2/Mfap4/Adamtsl4/Col1a1/Flrt2/Kif9/Mmp2/Loxl2/Col7a1/Col14a1/Qsox1/Ramp2/Adamts15/Phldb1/Pdgfra/Smoc2/Col23a1/Antxr1/Fbln1/Adamtsl2/Lcp1/Sulf1/Ctss/Adamts2/Mmp28/Ets1/Col4a5/Itgb3/Kazald1/Colq/Spock2/Adamtsl1/Ccdc80/Adamts10/Fbln5/Notch1/Emilin1/Eln/Lgals3/Col1a2/Col5a2/Vwa1/Hspg2/Tnfrsf1b/Vtn/Matn4/Serpinh1/Mmp14/Lamb3/Lamb1/Fkbp10/Reck/Thsd4/Wnt3a/Dag1/Sh3pxd2b/Itga8/Vps33b/Vipas39/Olfml2a/Tgfb1/Pdpn/Sulf2/Tmem38b/Mmp11/Crtap/Col5a1/Eng/Ercc2/Pomt2/Anxa2/Slc39a8/Loxl3/Fgfr4/Fktn/Sema5a/Prickle1"	"Day"
"GO:00430621"	"GO:0043062"	"extracellular structure organization"	197	0.535319913550546	1.40367605653994	9.66872335188647e-07	1.92085303924144e-05	1.07882597399996e-05	2755	"tags=45%, list=27%, signal=33%"	"Rgcc/Ndnf/Sfrp2/Col3a1/Fscn1/Egfl6/Adamts9/Lox/Tgfb2/Loxl1/Col15a1/Col8a2/Mfap4/Adamtsl4/Col1a1/Flrt2/Kif9/Mmp2/Loxl2/Col7a1/Col14a1/Qsox1/Ramp2/Adamts15/Phldb1/Pdgfra/Smoc2/Col23a1/Antxr1/Fbln1/Adamtsl2/Lcp1/Sulf1/Ctss/Adamts2/Mmp28/Ets1/Col4a5/Itgb3/Kazald1/Colq/Spock2/Adamtsl1/Ccdc80/Adamts10/Fbln5/Notch1/Emilin1/Eln/Lgals3/Col1a2/Col5a2/Vwa1/Hspg2/Tnfrsf1b/Vtn/Matn4/Serpinh1/Mmp14/Lamb3/Lamb1/Fkbp10/Reck/Thsd4/Wnt3a/Dag1/Sh3pxd2b/Itga8/Vps33b/Vipas39/Olfml2a/Tgfb1/Pdpn/Sulf2/Tmem38b/Mmp11/Crtap/Col5a1/Eng/Ercc2/Pomt2/Anxa2/Slc39a8/Loxl3/Fgfr4/Fktn/Sema5a/Prickle1"	"Day"
"GO:00452291"	"GO:0045229"	"external encapsulating structure organization"	197	0.535319913550546	1.40367605653994	9.66872335188647e-07	1.92085303924144e-05	1.07882597399996e-05	2755	"tags=45%, list=27%, signal=33%"	"Rgcc/Ndnf/Sfrp2/Col3a1/Fscn1/Egfl6/Adamts9/Lox/Tgfb2/Loxl1/Col15a1/Col8a2/Mfap4/Adamtsl4/Col1a1/Flrt2/Kif9/Mmp2/Loxl2/Col7a1/Col14a1/Qsox1/Ramp2/Adamts15/Phldb1/Pdgfra/Smoc2/Col23a1/Antxr1/Fbln1/Adamtsl2/Lcp1/Sulf1/Ctss/Adamts2/Mmp28/Ets1/Col4a5/Itgb3/Kazald1/Colq/Spock2/Adamtsl1/Ccdc80/Adamts10/Fbln5/Notch1/Emilin1/Eln/Lgals3/Col1a2/Col5a2/Vwa1/Hspg2/Tnfrsf1b/Vtn/Matn4/Serpinh1/Mmp14/Lamb3/Lamb1/Fkbp10/Reck/Thsd4/Wnt3a/Dag1/Sh3pxd2b/Itga8/Vps33b/Vipas39/Olfml2a/Tgfb1/Pdpn/Sulf2/Tmem38b/Mmp11/Crtap/Col5a1/Eng/Ercc2/Pomt2/Anxa2/Slc39a8/Loxl3/Fgfr4/Fktn/Sema5a/Prickle1"	"Day"
"GO:00015251"	"GO:0001525"	"angiogenesis"	397	0.484865951169641	1.29423762569396	1.84011280367291e-06	3.32335524542137e-05	1.86652590611797e-05	2581	"tags=35%, list=25%, signal=27%"	"Angptl4/Rgcc/Adrb2/Glul/Ndnf/Sphk1/Sfrp2/Plk2/Gata2/Apln/Cx3cr1/Aplnr/Hhex/S1pr1/Adamts9/Klf4/Tgfb2/Klf2/Col8a2/Itgb2/Itgax/Rhob/Plau/Alox5/Hyal1/Wnt7a/Ahr/Ptk2b/Gata6/Npr3/Hbegf/Prcp/Fzd8/Mmp2/Lrg1/Ackr3/Cdh13/Syk/Tnfaip2/Hk2/Cybb/Serpine1/Klf5/Efna1/Loxl2/Sparc/Hipk2/Tcf21/Edn1/Fgfbp1/Ramp2/Pdgfra/Smoc2/Tbx1/Tnn/Pik3cd/Elk3/Sema3e/Hspb1/Thbs1/Sulf1/Agtr1a/Ets1/Itgb3/Nrarp/Rapgef3/Slc31a1/Itga2b/Amot/Hgf/F3/Sox18/Angpt1/Casp8/C3/Sirt1/Fbln5/Notch1/Emilin1/Efnb2/Notch4/Lgals3/Cxcl17/Wnt5a/Ppp1r16b/Nfatc4/Ace/Hoxa5/Nos3/Card10/Jun/Stat1/Jmjd6/Shh/Hspg2/Robo1/Cd59a/Stk4/Id1/Plcd1/Vangl2/Angpt2/Cd34/Zc3h12a/Tmem100/Sema4a/Itgav/Actg1/Ddah1/Fzd4/Foxo4/Tbx4/Ang/Reck/Ptprm/Flcn/Sp100/Thy1/Grn/Med1/Bmp4/Hc/Krit1/Tgfb1/Fgfr1/Htatip2/Stim1/Tgfbr2/Prkd2/Eng/Anxa2/Nrp2/Ptgs2/Serpinf1/Mmrn2/Pml/Pnpla6/Rock2/Arhgap24"	"Day"
"GO:00466511"	"GO:0046651"	"lymphocyte proliferation"	191	0.542872728246177	1.42209823930136	3.25026056170167e-06	4.30478954394265e-05	2.4177376809851e-05	2609	"tags=45%, list=26%, signal=34%"	"Cd22/Cd79a/Card11/Cd37/Igfbp2/Btla/Rac2/Bcl6/Cd19/H2-DMb2/Itgb2/Foxj1/Hes1/Cd74/Sash3/Fgf10/Cebpb/Efnb1/H2-Q6/Cdkn1a/Igf1/Dock2/Ahr/Mef2c/Sox11/Spn/H2-DMb1/H2-Q7/Bst1/Syk/Gja1/H2-Aa/H2-Q10/Cd274/Nfkbiz/Tnfrsf21/Ptprc/Gpnmb/Laptm5/Coro1a/Tyrobp/Cd38/Nckap1l/Itgal/Cd44/Itgam/Scgb1a1/Fadd/Ptpn6/Rasal3/Irs2/Lgals3/Cfb/H2-Q4/H2-T22/Shh/Vcam1/Lyn/Cd59a/Tnfrsf1b/Tnfsf13b/Tfrc/Bcl2/H2-K1/Wnt3a/Slc7a1/Dlg5/Cd209a/Fosl2/Satb1/Rassf5/Bmp4/Cd55/Tgfb1/H2-D1/Scrib/Nck2/Tgfbr2/Cd24a/Pycard/Lmbr1l/Slfn2/Irgm1/Ccdc88b/Cd1d1"	"Day"
"GO:00706611"	"GO:0070661"	"leukocyte proliferation"	218	0.522041393398912	1.37306993737555	3.42223045560691e-06	4.38329397514431e-05	2.4618288309712e-05	2609	"tags=42%, list=26%, signal=32%"	"Cd22/Cd79a/Card11/Junb/Cd37/Igfbp2/Btla/Hhex/Rac2/Bcl6/Cd19/H2-DMb2/Itgb2/Foxj1/Hes1/Cd74/Sash3/Fgf10/Cebpb/Efnb1/H2-Q6/Cdkn1a/Igf1/Dock2/Ahr/Npr3/Bcl2l1/Mef2c/Sox11/Spn/F2rl1/H2-DMb1/H2-Q7/Bst1/Syk/Gja1/H2-Aa/H2-Q10/Cd274/Nfkbiz/Tnfrsf21/Ptprc/Gpnmb/Laptm5/Coro1a/Tyrobp/Cd38/Nckap1l/Itgal/Cd44/Itgam/Scgb1a1/Fadd/Ptpn6/Rasal3/Irs2/Csf1/Lgals3/Cfb/H2-Q4/H2-T22/Shh/Vcam1/Lyn/Cd59a/Tnfrsf1b/Tnfsf13b/Tfrc/Bcl2/H2-K1/Wnt3a/Slc7a1/Dlg5/Cd209a/Fosl2/Satb1/Rassf5/Bmp4/Cd55/Tgfb1/H2-D1/Scrib/Nck2/Tgfbr2/Cd24a/Pycard/Lmbr1l/Slfn2/Irgm1/Ccdc88b/Cd1d1"	"Day"
"GO:00725931"	"GO:0072593"	"reactive oxygen species metabolic process"	167	0.537556058989962	1.40212397657764	8.82269380437027e-06	8.76387584567447e-05	4.92213443822762e-05	1417	"tags=27%, list=14%, signal=24%"	"Hba-a1/Hbb-bt/Hbb-b1/Ddit4/Pdk4/Cyp1a1/Ier3/Akr1c14/Xdh/Hvcn1/Itgb2/Plau/Alox5/Cdkn1a/Ptk2b/Prcp/Foxo3/F2rl1/Syk/Hk2/Cybb/Sesn2/Edn1/Prdx6/Lcn2/Gpx3/Abcd2/Tyrobp/Nox4/Prex1/Ncf1/Thbs1/Sirt5/Agtr1a/Itgam/Mapt/Plcg2/Ncf2/Vav1/Sirt1/Fbln5/Nrros/Sphk2/Slc25a33/Nos3"	"Day"
"GO:00421131"	"GO:0042113"	"B cell activation"	177	0.530742450777175	1.38758595746704	1.60570454727237e-05	0.00014073528090799	7.90424219864729e-05	1118	"tags=27%, list=11%, signal=24%"	"Ms4a1/Cd22/Cd79a/Pagr1a/Cd79b/Card11/Btla/Hhex/Bcl6/Cd19/Foxj1/Spi1/Id2/Cd74/Sash3/Fas/Lgals1/Cdkn1a/Ahr/Sfrp1/Ptk2b/Mef2c/Themis2/Bst1/Syk/Irf2bp2/Irf8/Zfp36l1/Nfkbiz/Tnfrsf21/H2-Ab1/Ptprc/Pik3cd/Cebpg/Laptm5/Tyrobp/Cd38/Zfp36l2/Nckap1l/Nfam1/Dock11/Myb/Il2rg/Ikzf1/Plcg2/Ptpn6/Irs2"	"Day"
"GO:00508701"	"GO:0050870"	"positive regulation of T cell activation"	155	0.534584798998883	1.39011078149752	2.63891957419501e-05	0.000212540008948679	0.000119370757410244	2686	"tags=45%, list=26%, signal=33%"	"Zbtb16/Card11/Hsph1/Sox4/Igfbp2/H2-Ob/Bcl6/H2-DMb2/Hes1/Gimap3/Gata3/Cd74/Sash3/Efnb1/H2-Q6/Lgals1/Igf1/Hlx/Spn/H2-DMa/H2-DMb1/H2-Q7/Syk/H2-Aa/H2-Q10/Cd274/Nfkbiz/H2-Ab1/Ptprc/Cd83/Coro1a/Nckap1l/Itgal/Hsp90aa1/Il2rg/Fadd/Rasal3/Vnn1/Sirpa/H2-Eb1/Efnb2/Wnt10b/Ccl21a/H2-Q4/H2-T22/Shh/Sox13/Vcam1/Cd59a/Tnfsf13b/Tfrc/B2m/H2-K1/Slc7a1/Cd209a/Thy1/Cd55/Tgfb1/H2-D1/Nck2/Tgfbr2/Cd24a/Pycard/Irgm1/Ccdc88b/Cd1d1/Adam8/Vsir/Arid2"	"Day"
"GO:00315891"	"GO:0031589"	"cell-substrate adhesion"	275	0.496544993578541	1.31526959733262	3.73239313749213e-05	0.000285193116659655	0.000160175575940958	2943	"tags=43%, list=29%, signal=31%"	"Fam107a/Spp1/Ndnf/Itgb6/Col3a1/Rac2/Egfl6/Adamts9/Bcl6/Lamc3/Spry4/Itgb2/Itgax/Plau/Itga4/Lims2/Lgals1/Col1a1/Spag6l/Sfrp1/Ptk2b/Lamc2/Ptprz1/Bst1/Itga2/Cdh13/Smad6/Sorbs3/Serpine1/Efna1/Smoc2/Tnn/Fermt3/Srcin1/Antxr1/Coro1a/Cdh11/Prex1/Sema3e/Fbln1/Rac3/Parvg/Itgal/Jag1/Radil/Thbs1/Itgam/Itgb3/Sned1/Itga2b/Spock2/Tmem8b/Dab2/Itgb4/Csf1/Angpt1/Ccdc80/Sirpa/Notch1/Emilin1/Acer2/Actn2/Ccl21a/Muc4/Fbln2/Msln/Atp1b2/Myo1g/Vcam1/Stk4/Pdgfb/Vtn/Itgbl1/Angpt2/Coro2b/Cdk6/Cd34/Bcl2/Itga9/Mmp14/Actn1/Itgav/Ston1/Lamb3/Actg1/Fzd4/Lamb1/Lama5/Dmd/Thy1/Dag1/Fndc3b/Itga8/Hacd1/Pdpn/Bcl2l11/Nid2/Map4k4/Epdr1/Epb41l5/S100a10/Adam8/Vamp3/Ppard/Edil3/Taok2/Jam3/Tyro3/Cdc42/Nedd9/Adam9/Vwf/Ldb1/Bcam/Bcr/Triobp/L1cam"	"Day"
"GO:00457651"	"GO:0045765"	"regulation of angiogenesis"	205	0.508263241644661	1.33435539326631	4.12526957517513e-05	0.000307332583350547	0.00017260996380338	2083	"tags=33%, list=21%, signal=27%"	"Rgcc/Adrb2/Glul/Sphk1/Sfrp2/Plk2/Gata2/Cx3cr1/Aplnr/Hhex/Adamts9/Klf4/Tgfb2/Klf2/Itgb2/Itgax/Rhob/Alox5/Hyal1/Ptk2b/Gata6/Lrg1/Hk2/Cybb/Serpine1/Efna1/Sparc/Hipk2/Ramp2/Smoc2/Tnn/Pik3cd/Sema3e/Hspb1/Thbs1/Sulf1/Agtr1a/Ets1/Itgb3/Rapgef3/Amot/Hgf/F3/C3/Sirt1/Fbln5/Emilin1/Notch4/Lgals3/Wnt5a/Ppp1r16b/Hoxa5/Nos3/Stat1/Shh/Cd59a/Id1/Angpt2/Cd34/Zc3h12a/Sema4a/Ddah1/Foxo4/Reck/Ptprm/Flcn/Sp100/Grn"	"Day"
"GO:19013421"	"GO:1901342"	"regulation of vasculature development"	207	0.505142948781343	1.32670870330512	5.58452904027747e-05	0.00040100955518137	0.000225222604287665	2579	"tags=38%, list=25%, signal=29%"	"Rgcc/Adrb2/Glul/Sphk1/Sfrp2/Plk2/Gata2/Cx3cr1/Aplnr/Hhex/Adamts9/Klf4/Tgfb2/Klf2/Itgb2/Itgax/Rhob/Alox5/Hyal1/Ptk2b/Gata6/Lrg1/Hk2/Cybb/Serpine1/Efna1/Sparc/Hipk2/Ramp2/Smoc2/Tnn/Pik3cd/Sema3e/Hspb1/Thbs1/Sulf1/Agtr1a/Ets1/Itgb3/Rapgef3/Amot/Hgf/F3/C3/Sirt1/Fbln5/Emilin1/Notch4/Lgals3/Wnt5a/Ppp1r16b/Hoxa5/Nos3/Stat1/Shh/Cd59a/Id1/Angpt2/Cd34/Zc3h12a/Sema4a/Ddah1/Foxo4/Reck/Ptprm/Flcn/Sp100/Grn/Hc/Krit1/Htatip2/Stim1/Tgfbr2/Prkd2/Adam10/Eng/Serpinf1/Pml/Rock2"	"Day"
"GO:00022741"	"GO:0002274"	"myeloid leukocyte activation"	150	0.537466494009456	1.39566875785357	7.38884384397091e-05	0.000494803475394007	0.000277900927543791	3112	"tags=49%, list=31%, signal=35%"	"Nppa/Sphk1/Itgb6/Gata2/Cd37/Cx3cr1/Rac2/Stx11/Itgb2/Ptpre/Spi1/Gimap3/Tlr2/Dock2/Cd84/Cd300lf/Myo1f/F2rl1/Syk/Lcp2/Ctsc/Tmem229b/Rab44/Tyrobp/Fcer1g/Thbs1/Slc7a2/Il16/Itgam/Muc5b/Plcg2/Cd48/Ptpn6/Ifngr1/Fgr/Pirb/Nampt/Scnn1b/Wnt5a/Adora2b/Cplx2/Rabgef1/Sphk2/Jun/Jmjd6/Lyn/Relb/Vamp2/Fcgr3/Ifngr2/Crlf2/Pld2/Grn/Syt11/Tgfb1/Tgfbr2/Traf3ip2/Adam10/Pycard/C1qa/Gab2/Irgm1/Cd1d1/Tff2/Tmem106a/Flt3l/Adam9/Snx4/Bcr/Hspd1/Lrrk2/Tlr3/Stx4a/Nr1h3"	"Day"
"GO:00347641"	"GO:0034764"	"positive regulation of transmembrane transport"	156	0.50579351539993	1.31548389177795	0.000371389785067097	0.00191507870292053	0.00107558288154138	2062	"tags=30%, list=20%, signal=24%"	"Klf15/Nppa/Adrb2/Ms4a1/Aplnr/Cd19/Adipoq/Hspa2/C1qtnf2/Gimap3/Alox5/Atp1b1/Lrrc26/Igf1/Plcb1/Cacnb3/Edn1/Lcn2/Acsl1/Ak1/Akap5/Ctss/Agtr1a/Ace2/Rapgef3/Glrx/Plcg2/Rgs9/P2ry6/Irs2/C3/Pkd2/Kcnj2/Slc38a1/Kcnh2/Actn2/Atp1b2/Akap9/Erbb3/Acsl5/Scn1b/Ikbkb/Car2/Reln/Ifngr2/Dmd/Thy1"	"Day"
